<?xml version="1.0" encoding="UTF-8" standalone="yes"?>
<addon id="repository.vagval" name="VagVal's repo" version="1.4" provider-name="vagvalas">
    <extension point="xbmc.addon.repository" name="VagVal Repository">
    <dir>
<info compressed="false">https://raw.githubusercontent.com/vagvalas/repo.vagval/master/repo/zips/addons.xml</info>
<checksum>https://raw.githubusercontent.com/vagvalas/repo.vagval/master/repo/zips/addons.xml.md5</checksum>
<datadir zip="true">https://raw.githubusercontent.com/vagvalas/repo.vagval/master/repo/zips/</datadir>
</dir>
        <dir minversion="18.0.0" maxversion="18.9.9">
<info compressed="false">https://raw.githubusercontent.com/vagvalas/repo.vagval/master/leia/zips/addons.xml</info>
<checksum>https://raw.githubusercontent.com/vagvalas/repo.vagval/master/leia/zips/addons.xml.md5</checksum>
<datadir zip="true">https://raw.githubusercontent.com/vagvalas/repo.vagval/master/leia/zips/</datadir>
</dir>
<dir minversion="19.0.0">
<info compressed="false">https://raw.githubusercontent.com/vagvalas/repo.vagval/master/matrix/zips/addons.xml</info>
<checksum>https://raw.githubusercontent.com/vagvalas/repo.vagval/master/matrix/zips/addons.xml.md5</checksum>
<datadir zip="true">https://raw.githubusercontent.com/vagvalas/repo.vagval/master/matrix/zips/</datadir>
</dir>
    </extension>
    <extension point="xbmc.addon.metadata">
        <summary>VagVal Repo</summary>
        <description>Ta panta ola</description>
        <disclaimer></disclaimer>
        <platform>all</platform>
        <assets>
            <icon>icon.png</icon>
            <fanart>fanart.png</fanart>
        </assets>
    </extension>
</addon>
