<?xml version="1.0" encoding="UTF-8" standalone="yes"?>
<addon id="plugin.program.vagval" version="1.5.5" name="VAGVAL's wizard" provider-name="vagvalas">
    <requires>
        <import addon="xbmc.python" version="3.0.0"/>
    </requires>
    <extension point="xbmc.python.pluginsource" library="default.py" >
        <provides>executable</provides>
    </extension>
    <extension point="xbmc.addon.metadata">
        <summary>VagVal wizard</summary>
        <description>Download and install a custom pre-built Kodi build</description>
        <platform>all</platform>
        <language>en</language>
    </extension>
</addon>